package,version,first_upload_utc,last_upload_utc,sep29_file_count,sdist_filename,sdist_bytes,sdist_sha256,sdist_url,metadata_url,metadata_source_id,project_url,summary,requires_dist
serp-time,0.1.0,2026-09-29T07:39:27.387713Z,2026-09-29T07:39:28.745479Z,2,serp_time-0.1.0.tar.gz,2191,e0ec92456b3ee4304fe352c39220b704a73747672bc396b11f881ab1f0410cca,https://files.pythonhosted.org/packages/3d/0b/1d75b64ce4ebb3b1a51a6c1fbdb39043ce4dd47c34fea3eb66eec6dc15b2/serp_time-0.1.0.tar.gz,https://pypi.org/pypi/serp-time/json,63,https://pypi.org/project/serp-time/,Serpentine time library: time()/monotonic()/sleep() (runtime-backed; delegates to CPython's time when interpreted),
serp-asyncio,0.1.0,2026-09-29T07:48:03.317939Z,2026-09-29T07:48:04.440474Z,2,serp_asyncio-0.1.0.tar.gz,6599,430afd19f869402981e1556b7e50973422bdc8682a94966a73c4f2fa53782884,https://files.pythonhosted.org/packages/14/85/dcdee4946307159ffa2e20905f4432216311dedb53c5e9ecf22ec6854f4c/serp_asyncio-0.1.0.tar.gz,https://pypi.org/pypi/serp-asyncio/json,14,https://pypi.org/project/serp-asyncio/,Serpentine drop-in `asyncio`: Event/Lock/Semaphore/BoundedSemaphore/Queue over the baton task runtime (run/sleep/create_task/gather/Task are language-level; real asyncio under CPython),serpentine-shim>=0.8.0
serp-coil,0.1.0,2026-09-29T08:20:15.658044Z,2026-09-29T08:20:17.041664Z,2,serp_coil-0.1.0.tar.gz,26209,e7a53b67a5a2cfd6c607ee42132a6480b495d5fe4943da6f705f71f4f9841f0c,https://files.pythonhosted.org/packages/d5/54/740cdfcad13ebd846d0630bb2690cd7d688785e2d159d74e947f3b243f21/serp_coil-0.1.0.tar.gz,https://pypi.org/pypi/serp-coil/json,16,https://pypi.org/project/serp-coil/,"Coil: a numpy drop-in for Serpentine — dense float64/int64/bool arrays with numpy-exact printing, broadcasting, reductions, ufuncs and small dense linear algebra",serpentine-shim; serp-math
serp-datetime,0.3.0,2026-09-29T08:21:29.716163Z,2026-09-29T08:21:30.773263Z,2,serp_datetime-0.3.0.tar.gz,7613,7f40fc136a5b8236e177224a0391f57295810e7f9b1af2e827f1afe82f619911,https://files.pythonhosted.org/packages/5f/5c/7a2f8067127cad322f968a38f0ff54e87abe324187b7b33d5ea19ab07417/serp_datetime-0.3.0.tar.gz,https://pypi.org/pypi/serp-datetime/json,18,https://pypi.org/project/serp-datetime/,"Serpentine UTC date/time: civil-calendar Dt dataclass, unix conversions, ISO-8601 parse/format (pure Serpentine over serp-time)",serpentine-shim; serp-time
serp-fang,0.3.0,2026-09-29T08:22:43.808929Z,2026-09-29T10:25:34.829978Z,4,serp_fang-0.3.0.tar.gz,13234,d7a6afc274f5f5a7ae6a88103cbeb460cd3da40b892fc44f6722810db60c4a83,https://files.pythonhosted.org/packages/70/e2/8b661b127a88be2b989ffc78f44e0b9e38e61c8154558cd91787f0ab5c60/serp_fang-0.3.0.tar.gz,https://pypi.org/pypi/serp-fang/json,20,https://pypi.org/project/serp-fang/,"Fang — Serpentine's httpx-style sync HTTP(S) client: Client/Response/stream, redirects, cookies, auth, forms, JSON, multipart, gzip, streamed downloads (pure Serpentine over serp-socket TLS, dual-runs under CPython)",serpentine-shim; serp-socket; serp-url; serp-base64; serp-json; serpentine-io; serp-zlib; serp-time; serp-uuid
serp-http-server,0.1.0,2026-09-29T08:23:47.853659Z,2026-09-29T08:23:49.095593Z,2,serp_http_server-0.1.0.tar.gz,5139,65e604fbea5137d637a4903d9cf39dd5006388790c1fd4d1ae2f0cb288ae7cdc,https://files.pythonhosted.org/packages/eb/c3/f191c44d5db879d4b43ddcf5c8ec4c308699bf22beb1958b405ec1ebce6b/serp_http_server-0.1.0.tar.gz,https://pypi.org/pypi/serp-http-server/json,23,https://pypi.org/project/serp-http-server/,"Serpentine minimal HTTP/1.1 server: blocking accept/respond loop with request parsing (pure Serpentine over serp-socket, dual-runs under CPython)",serpentine-shim; serp-socket
serp-itertools,0.2.0,2026-09-29T08:25:42.838953Z,2026-09-29T08:25:44.207607Z,2,serp_itertools-0.2.0.tar.gz,6426,fe50fcbcde1c11bb8efe958fa2e0f120147ac7f006a372a2ab7f5ffa6df60919,https://files.pythonhosted.org/packages/28/14/8053fa31620169948abba89dbeb7507e3dcfeec77d7c8c2d892b855e9b2c/serp_itertools-0.2.0.tar.gz,https://pypi.org/pypi/serp-itertools/json,25,https://pypi.org/project/serp-itertools/,Serpentine drop-in facade for CPython's itertools (lazy iterator classes: count/cycle/repeat/chain/islice/takewhile/...),serpentine-shim
serp-log,0.2.0,2026-09-29T08:26:52.636291Z,2026-09-29T08:26:54.036390Z,2,serp_log-0.2.0.tar.gz,4590,245067799f4bbf75e13204ea09a14397dd93c42bbbfef02c1da4a66a7ef51b77,https://files.pythonhosted.org/packages/54/2b/f13ff250e8d71a02deb3c70c9c226242c8e9a4981affe999f8219a690d43/serp_log-0.2.0.tar.gz,https://pypi.org/pypi/serp-log/json,27,https://pypi.org/project/serp-log/,Serpentine logging library: level-filtered loggers with stdout and append-file sinks (pure Serpentine),serpentine-shim
serp-math,0.1.0,2026-09-29T08:28:00.578006Z,2026-09-29T08:28:01.788174Z,2,serp_math-0.1.0.tar.gz,5538,aa9dbc22c3e78fdb2029299a0497f20029f1d957251e5533d17812dc097d1b5f,https://files.pythonhosted.org/packages/e6/5f/4c06154789e8813e8173881db6d2e779755c2043e10446217e83709e9451/serp_math-0.1.0.tar.gz,https://pypi.org/pypi/serp-math/json,29,https://pypi.org/project/serp-math/,Serpentine math library: sqrt/sin/cos/tan/log/exp/pow/floor/ceil + pi/e/inf/nan (runtime-backed; delegates to CPython's math when interpreted),
serp-molt,0.7.0,2026-09-29T08:29:16.735311Z,2026-09-29T08:29:18.434163Z,2,serp_molt-0.7.0.tar.gz,27798,581814b3b5616ea262f4471803c6a2d00e5063e15c60230678f82f2a97d1b44b,https://files.pythonhosted.org/packages/01/32/aea17d34fad0567d44697b79a24b7791cb63fc79b29b43fb0d34cddd7eeb/serp_molt-0.7.0.tar.gz,https://pypi.org/pypi/serp-molt/json,31,https://pypi.org/project/serp-molt/,"Serpentine data-validation library: a drop-in pydantic v2 replacement written in the Serpentine subset (compiles natively, runs under CPython)",serpentine-shim>=0.7.0; serp-json; serp-re; serp-datetime; serp-uuid; serp-base64
serp-os,0.1.0,2026-09-29T08:30:20.055938Z,2026-09-29T08:30:21.107213Z,2,serp_os-0.1.0.tar.gz,3823,4690d40cde1d6f128a12018e3ed8940f968977434ac9590661a6a487ecbdf8f5,https://files.pythonhosted.org/packages/ff/c7/8df35161021648a40804aa6f2f06d50fd4819a33e01bc5a6c4bd6dbd7041/serp_os-0.1.0.tar.gz,https://pypi.org/pypi/serp-os/json,33,https://pypi.org/project/serp-os/,"Serpentine OS primitives: env vars, cwd, mkdir/rmdir/remove/listdir (runtime-backed; CPython delegate)",
serp-pathlib,0.2.0,2026-09-29T08:31:32.864035Z,2026-09-29T08:31:33.914935Z,2,serp_pathlib-0.2.0.tar.gz,4381,7f18619fc2e08da8907b6adce6dd8f2e90225a89794e9a01f2b82abdd86694f8,https://files.pythonhosted.org/packages/ba/42/d6227ba2df40a10bde7c3402071676750a21223e98be488a1600215b0a3e/serp_pathlib-0.2.0.tar.gz,https://pypi.org/pypi/serp-pathlib/json,35,https://pypi.org/project/serp-pathlib/,Serpentine path helpers: join/parent/name/suffix/stem/parts plus filesystem queries over serp-os,serp-os
serp-queue,0.1.0,2026-09-29T08:32:45.807031Z,2026-09-29T08:32:46.938668Z,2,serp_queue-0.1.0.tar.gz,4551,9ae375d30011b49c49ea37ccb97cba971a6ff589e4e82f92766ab5e4e66b8581,https://files.pythonhosted.org/packages/c5/29/62ba5f13e3f3b70569c6c1a59ae7193a8c6d897249ce0162f60c4be093d9/serp_queue-0.1.0.tar.gz,https://pypi.org/pypi/serp-queue/json,37,https://pypi.org/project/serp-queue/,"Serpentine drop-in `queue`: thread-safe Queue/LifoQueue with blocking put/get, timeouts, task_done/join (runtime-backed; stdlib queue delegate under CPython)",
serp-random,0.1.0,2026-09-29T08:33:53.972427Z,2026-09-29T08:33:55.101080Z,2,serp_random-0.1.0.tar.gz,3712,8393eb6760caf2e1583b75157741cf0ec69992dab87cc78c0a6e25d54e8b15b9,https://files.pythonhosted.org/packages/ad/13/918b4233d8dc7d739770177b076df5d1007ad906040446d7f8f3ebc4a44b/serp_random-0.1.0.tar.gz,https://pypi.org/pypi/serp-random/json,39,https://pypi.org/project/serp-random/,"Serpentine random library: drop-in CPython random facade (MT19937, seeded sequences byte-identical under CPython and native builds)",
serp-re,0.2.0,2026-09-29T08:34:56.516574Z,2026-09-29T08:34:57.739600Z,2,serp_re-0.2.0.tar.gz,9684,155259999a7aeb8e8331e0478586f2663b97862d31eafabf3aeca72257e827c5,https://files.pythonhosted.org/packages/a6/45/a30e0ceb332c8f5b9e38a3e2249a313849d7983a4e0eb0d6d5939cde9be1/serp_re-0.2.0.tar.gz,https://pypi.org/pypi/serp-re/json,41,https://pypi.org/project/serp-re/,"Serpentine regex subset engine (literals, classes, * + ?, groups, alternation, anchors) written in the Serpentine subset",serpentine-shim
serp-scales,0.2.0,2026-09-29T08:36:10.249689Z,2026-09-29T08:36:12.049433Z,2,serp_scales-0.2.0.tar.gz,40259,f710386744ada50306e46c68b1089ac648f83ec159f2d6714d8997914661a1e7,https://files.pythonhosted.org/packages/5d/bf/df55154d5c9b5010a34a3c4de3ab2aac3b8eea5b838a6a719c01bd9f6982/serp_scales-0.2.0.tar.gz,https://pypi.org/pypi/serp-scales/json,43,https://pypi.org/project/serp-scales/,"Scales: pandas drop-in DataFrame/Series for Serpentine (pure Serpentine, PyVal columns; groupby, pivot, rolling, query, merge, concat, datetime, CSV/JSON)",serpentine-shim>=0.8.0; serp-json>=0.3.0; serp-datetime>=0.2.0
serp-secrets,0.1.0,2026-09-29T08:37:16.589882Z,2026-09-29T08:37:17.793559Z,2,serp_secrets-0.1.0.tar.gz,3561,bbdeae714fe093f2cec4b3c0ab70ea925b47e24a148275b885dcd7b0452542f1,https://files.pythonhosted.org/packages/bf/0c/2e4aa5c8759a3be39e8df1f306314b8e37727394601f2dc7d9ba6161adfa/serp_secrets-0.1.0.tar.gz,https://pypi.org/pypi/serp-secrets/json,45,https://pypi.org/project/serp-secrets/,Serpentine CSPRNG tokens: token_hex/token_urlsafe/randbelow (runtime-backed; stdlib secrets delegate under CPython),
serp-socket,0.1.0,2026-09-29T08:38:26.557405Z,2026-09-29T08:38:27.942847Z,2,serp_socket-0.1.0.tar.gz,4336,52c416d3ae239d03dc3386dd43e7edcfbcd7a3d5a8802f0fb4dd8285826eca06,https://files.pythonhosted.org/packages/a1/90/26c818755105c8dcb392b8d6d058ad595de78c45413a060067d27c44415c/serp_socket-0.1.0.tar.gz,https://pypi.org/pypi/serp-socket/json,47,https://pypi.org/project/serp-socket/,Serpentine TCP/UDP sockets: connect/listen/accept/send/recv + UDP datagrams with timeouts (runtime-backed; stdlib socket delegate under CPython),
serp-sqlite,0.2.0,2026-09-29T08:39:46.787943Z,2026-09-29T08:39:48.041328Z,2,serp_sqlite-0.2.0.tar.gz,6643,a48cf27dae8553172312dc251ff02bb0298cb1fa9dd244af880990437b49f690,https://files.pythonhosted.org/packages/54/23/04873a0301126627b74edaeb684940f0c7f635cc951314a8c4cb4a37ce67/serp_sqlite-0.2.0.tar.gz,https://pypi.org/pypi/serp-sqlite/json,49,https://pypi.org/project/serp-sqlite/,Serpentine drop-in sqlite3 subset: Connection/Cursor over the system SQLite library (runtime-backed; stdlib sqlite3 delegate under CPython),
serp-statistics,0.1.0,2026-09-29T09:49:35.118855Z,2026-09-29T09:49:36.431480Z,2,serp_statistics-0.1.0.tar.gz,3650,e8a632c9cdc54c22c0dbe3628c5db439b17b1d4c1216a158efaaf9ec495650a1,https://files.pythonhosted.org/packages/02/dc/a388f9ab3bbf203640b8ed78bd06ffc3855b98a583b038d4dd82648062e5/serp_statistics-0.1.0.tar.gz,https://pypi.org/pypi/serp-statistics/json,51,https://pypi.org/project/serp-statistics/,Serpentine statistics: mean/median/variance/stdev/quantiles written in the Serpentine subset,serpentine-shim; serp-math
serp-strings,0.1.0,2026-09-29T09:50:45.412082Z,2026-09-29T09:50:46.621589Z,2,serp_strings-0.1.0.tar.gz,6394,f6209d4469f15d511e47680eb0b7d2a95951baf6458368e50ed5e3c7536228f1,https://files.pythonhosted.org/packages/d9/ca/cb2e7e33164a51ea5a204f8e6af662f117562cee85904840775dcf2038cf/serp_strings-0.1.0.tar.gz,https://pypi.org/pypi/serp-strings/json,53,https://pypi.org/project/serp-strings/,Serpentine string helpers: wrap/fill/indent/dedent/padding/expandtabs written in the Serpentine subset,
serp-structs,0.1.0,2026-09-29T09:51:59.602440Z,2026-09-29T09:52:00.772072Z,2,serp_structs-0.1.0.tar.gz,4475,5b10c36b94260877b11de952018bd05d30323094f51ce51f56cd321c5026696f,https://files.pythonhosted.org/packages/b6/9a/08b7b14174cd71298615d5d01e028743b7685392ded283ed5151f9cb640d/serp_structs-0.1.0.tar.gz,https://pypi.org/pypi/serp-structs/json,55,https://pypi.org/project/serp-structs/,"Serpentine data-structure helpers: min-heap, bisect, generic deque and counter tallies in the Serpentine subset",serpentine-shim
serp-subprocess,0.1.0,2026-09-29T09:53:34.414258Z,2026-09-29T09:53:35.481011Z,2,serp_subprocess-0.1.0.tar.gz,8399,e6e40e88cbbf967c3a789ab86017d9b455e59a47c56044a68c492f38037279b0,https://files.pythonhosted.org/packages/be/09/77535e76a17044221bc8bd949d6677be4c3795dc90cfbe4f555c27a63653/serp_subprocess-0.1.0.tar.gz,https://pypi.org/pypi/serp-subprocess/json,57,https://pypi.org/project/serp-subprocess/,"Serpentine drop-in `subprocess`: run/check_output/Popen with pipes, timeouts, env and shell (runtime-backed; stdlib subprocess delegate under CPython)",
serp-test,0.2.0,2026-09-29T09:55:18.209938Z,2026-09-29T09:55:19.247653Z,2,serp_test-0.2.0.tar.gz,3989,47c274bd506395957fb5029e62f3411bccd3c942aa1e6e5fdd74ecef24d7b6e9,https://files.pythonhosted.org/packages/d5/57/0e3f6a376baa8a85661b708e2ef5a5bd4c64ec1f4f79432ec4fa4fa19a73/serp_test-0.2.0.tar.gz,https://pypi.org/pypi/serp-test/json,59,https://pypi.org/project/serp-test/,"Serpentine test library: assertion helpers for `serp test` (pure Serpentine, dual-runs under CPython)",serpentine-shim
serp-threading,0.1.0,2026-09-29T09:56:36.089983Z,2026-09-29T09:56:37.207836Z,2,serp_threading-0.1.0.tar.gz,9213,5efe60fb149f26969afc4b06ebc1e6b079fdd4d57601cf753f77fe312cec295f,https://files.pythonhosted.org/packages/c7/af/e389bb49e9a931d13ddbbe91c2d82f73ff2a033888b93831d7028870c09e/serp_threading-0.1.0.tar.gz,https://pypi.org/pypi/serp-threading/json,61,https://pypi.org/project/serp-threading/,"Serpentine drop-in `threading`: Thread/Timer, Lock/RLock/Event/Semaphore/Condition/Barrier, thread-local storage (runtime-backed; stdlib threading delegate under CPython)",serpentine-shim>=0.7.0
serp-tomllib,0.2.0,2026-09-29T09:57:58.265424Z,2026-09-29T09:57:59.466437Z,2,serp_tomllib-0.2.0.tar.gz,5221,b1314b20bb484cf4a73e608efbe7a402efd4eb7da9b921989fac7be5be4684e9,https://files.pythonhosted.org/packages/0d/91/8c3024f62101122237f9d010901339cfe13ce716fa4e5dac388196a42103/serp_tomllib-0.2.0.tar.gz,https://pypi.org/pypi/serp-tomllib/json,65,https://pypi.org/project/serp-tomllib/,Serpentine read-only TOML parser (kind-tagged TVal values) written in the Serpentine subset,serpentine-shim
serp-url,0.1.0,2026-09-29T10:00:13.829083Z,2026-09-29T10:00:15.168908Z,2,serp_url-0.1.0.tar.gz,5773,9b6dcd3dfb8cb42e5bfc277e35029e4ae9b20a3902e442ef4690bfd8931ca227,https://files.pythonhosted.org/packages/bd/cf/fd4c6ec3210dbabacca127fe7031592bfff01043148da08abe2f55cfa512/serp_url-0.1.0.tar.gz,https://pypi.org/pypi/serp-url/json,67,https://pypi.org/project/serp-url/,"Serpentine URL toolkit: url_parse, quote/unquote, quote_plus/unquote_plus, urlencode, parse_query (pure Serpentine, dual-runs under CPython)",serpentine-shim
serp-uuid,0.2.0,2026-09-29T10:01:51.458454Z,2026-09-29T10:01:52.527926Z,2,serp_uuid-0.2.0.tar.gz,3570,a433c61f4394fa16f0470dbcf5b32e292a4f20a8a8a9f8c353aa02dfef40b5ad,https://files.pythonhosted.org/packages/00/bb/e7c411d9f52a94bd101c60c45726e9c33a0baa3eae9a797b959d1b44d1e2/serp_uuid-0.2.0.tar.gz,https://pypi.org/pypi/serp-uuid/json,69,https://pypi.org/project/serp-uuid/,Serpentine uuid4 from OS randomness (runtime-backed; stdlib uuid delegate under CPython),
serp-venom,0.4.0,2026-09-29T10:03:06.899914Z,2026-09-29T10:03:08.054691Z,2,serp_venom-0.4.0.tar.gz,20536,28b6e5115cf4b793dccb471d4174479ce131dbde126f63cc621b228217c3ca63,https://files.pythonhosted.org/packages/5a/93/7547f87771046a7beab2fc66aad0b9a0f04788aaf545399f19308e9c22fe/serp_venom-0.4.0.tar.gz,https://pypi.org/pypi/serp-venom/json,71,https://pypi.org/project/serp-venom/,"Venom — Serpentine's FastAPI drop-in: module-level app, @app.get/post decorators with parameter injection (path/query/serp_molt bodies), HTTPException(status_code=, detail=), JSONResponse, TestClient(app), serp_uvicorn.run, event-loop and threaded HTTP servers (pure Serpentine over serp-http-server, dual-runs under CPython)",serpentine-shim>=0.9.0; serp-http-server; serp-socket; serp-json; serp-url; serp-asyncio
serp-zipfile,0.2.0,2026-09-29T10:04:16.279056Z,2026-09-29T10:04:17.422293Z,2,serp_zipfile-0.2.0.tar.gz,5388,a128498912106590f023807fc227369bb2003edd1dd6091aa26ce2a7577a26bd,https://files.pythonhosted.org/packages/3f/34/219f2514d3c00e7724c17479b076e9dde41bb4d19b155305c00d6118c692/serp_zipfile-0.2.0.tar.gz,https://pypi.org/pypi/serp-zipfile/json,73,https://pypi.org/project/serp-zipfile/,"Serpentine ZIP archives: read/write stored + DEFLATE entries with CRC verification (pure Serpentine over serp-zlib, dual-runs under CPython)",serpentine-shim; serp-zlib
serp-zlib,0.1.0,2026-09-29T10:05:30.501023Z,2026-09-29T10:05:31.583639Z,2,serp_zlib-0.1.0.tar.gz,4351,abc6a9e8f45c70ecf8ebc75f604880b8d070c80315739da7482fb857b9013df5,https://files.pythonhosted.org/packages/02/9b/b017bf59a4b64ccf352fa1f6049e16686fffb48002f03cb757656619d8b1/serp_zlib-0.1.0.tar.gz,https://pypi.org/pypi/serp-zlib/json,75,https://pypi.org/project/serp-zlib/,Serpentine compression: zlib/raw-deflate/gzip compress+decompress and crc32/adler32 (runtime-backed; stdlib zlib delegate under CPython),
serpentine-io,0.1.0,2026-09-29T10:22:58.170643Z,2026-09-29T10:22:59.327258Z,2,serpentine_io-0.1.0.tar.gz,4896,157321ef3c1fff81fa98a7b3730fafc30f5173a8777911e8e2e4121fb16cce75,https://files.pythonhosted.org/packages/b5/e0/8dafaec3e8d7b797f7ef048dcea6613c7abd8b550466b8d5ef1154354dab/serpentine_io-0.1.0.tar.gz,https://pypi.org/pypi/serpentine-io/json,79,https://pypi.org/project/serpentine-io/,"Serpentine file helpers: read/write text+bytes, line reading, file copy, and a buffered ByteReader (pure Serpentine, dual-runs under CPython)",serpentine-shim
serpentine-argparse,0.2.0,2026-09-29T10:24:14.571433Z,2026-09-29T10:24:15.725998Z,2,serpentine_argparse-0.2.0.tar.gz,6189,74eae4d9b7be806a1832193fe7c2c31f228d50c079a267fe77bf4388a656bf07,https://files.pythonhosted.org/packages/8f/32/0bd093fe41dc35192c1c730fc8eb0e09345a4002285d3dc216a7e413aaa0/serpentine_argparse-0.2.0.tar.gz,https://pypi.org/pypi/serpentine-argparse/json,77,https://pypi.org/project/serpentine-argparse/,"Serpentine argparse-lite: flags, options, positionals, subcommands and help text in the Serpentine subset",serpentine-shim
