package,dependency,specifier,metadata_url,source_id
serp-asyncio,serpentine-shim,>=0.8.0,https://pypi.org/pypi/serp-asyncio/json,14
serp-coil,serp-math,,https://pypi.org/pypi/serp-coil/json,16
serp-coil,serpentine-shim,,https://pypi.org/pypi/serp-coil/json,16
serp-datetime,serp-time,,https://pypi.org/pypi/serp-datetime/json,18
serp-datetime,serpentine-shim,,https://pypi.org/pypi/serp-datetime/json,18
serp-fang,serp-base64,,https://pypi.org/pypi/serp-fang/json,20
serp-fang,serp-json,,https://pypi.org/pypi/serp-fang/json,20
serp-fang,serp-socket,,https://pypi.org/pypi/serp-fang/json,20
serp-fang,serp-time,,https://pypi.org/pypi/serp-fang/json,20
serp-fang,serp-url,,https://pypi.org/pypi/serp-fang/json,20
serp-fang,serp-uuid,,https://pypi.org/pypi/serp-fang/json,20
serp-fang,serp-zlib,,https://pypi.org/pypi/serp-fang/json,20
serp-fang,serpentine-io,,https://pypi.org/pypi/serp-fang/json,20
serp-fang,serpentine-shim,,https://pypi.org/pypi/serp-fang/json,20
serp-http-server,serp-socket,,https://pypi.org/pypi/serp-http-server/json,23
serp-http-server,serpentine-shim,,https://pypi.org/pypi/serp-http-server/json,23
serp-itertools,serpentine-shim,,https://pypi.org/pypi/serp-itertools/json,25
serp-log,serpentine-shim,,https://pypi.org/pypi/serp-log/json,27
serp-molt,serp-base64,,https://pypi.org/pypi/serp-molt/json,31
serp-molt,serp-datetime,,https://pypi.org/pypi/serp-molt/json,31
serp-molt,serp-json,,https://pypi.org/pypi/serp-molt/json,31
serp-molt,serp-re,,https://pypi.org/pypi/serp-molt/json,31
serp-molt,serp-uuid,,https://pypi.org/pypi/serp-molt/json,31
serp-molt,serpentine-shim,>=0.7.0,https://pypi.org/pypi/serp-molt/json,31
serp-pathlib,serp-os,,https://pypi.org/pypi/serp-pathlib/json,35
serp-re,serpentine-shim,,https://pypi.org/pypi/serp-re/json,41
serp-scales,serp-datetime,>=0.2.0,https://pypi.org/pypi/serp-scales/json,43
serp-scales,serp-json,>=0.3.0,https://pypi.org/pypi/serp-scales/json,43
serp-scales,serpentine-shim,>=0.8.0,https://pypi.org/pypi/serp-scales/json,43
serp-statistics,serp-math,,https://pypi.org/pypi/serp-statistics/json,51
serp-statistics,serpentine-shim,,https://pypi.org/pypi/serp-statistics/json,51
serp-structs,serpentine-shim,,https://pypi.org/pypi/serp-structs/json,55
serp-test,serpentine-shim,,https://pypi.org/pypi/serp-test/json,59
serp-threading,serpentine-shim,>=0.7.0,https://pypi.org/pypi/serp-threading/json,61
serp-tomllib,serpentine-shim,,https://pypi.org/pypi/serp-tomllib/json,65
serp-url,serpentine-shim,,https://pypi.org/pypi/serp-url/json,67
serp-venom,serp-asyncio,,https://pypi.org/pypi/serp-venom/json,71
serp-venom,serp-http-server,,https://pypi.org/pypi/serp-venom/json,71
serp-venom,serp-json,,https://pypi.org/pypi/serp-venom/json,71
serp-venom,serp-socket,,https://pypi.org/pypi/serp-venom/json,71
serp-venom,serp-url,,https://pypi.org/pypi/serp-venom/json,71
serp-venom,serpentine-shim,>=0.9.0,https://pypi.org/pypi/serp-venom/json,71
serp-zipfile,serp-zlib,,https://pypi.org/pypi/serp-zipfile/json,73
serp-zipfile,serpentine-shim,,https://pypi.org/pypi/serp-zipfile/json,73
serpentine-argparse,serpentine-shim,,https://pypi.org/pypi/serpentine-argparse/json,77
serpentine-io,serpentine-shim,,https://pypi.org/pypi/serpentine-io/json,79
