package,archive_files,python_files,test_files,has_readme,common_project_url,readme_external_url_count,mentions_tvmaze,mentions_archive_org,mentions_httpbin,mentions_urlquery,mentions_mshots,mentions_webhook,mentions_swarm
serp-asyncio,12,3,1,True,https://github.com/avijitbhuin21/Serpentine,0,False,False,False,False,False,False,False
serp-coil,12,3,2,True,https://github.com/avijitbhuin21/Serpentine,0,False,False,False,False,False,False,False
serp-datetime,11,2,1,True,https://github.com/avijitbhuin21/Serpentine,0,False,False,False,False,False,False,False
serp-fang,12,3,2,True,https://github.com/avijitbhuin21/Serpentine,4,False,False,False,False,False,False,False
serp-http-server,11,2,1,True,https://github.com/avijitbhuin21/Serpentine,0,False,False,False,False,False,False,False
serp-itertools,11,2,1,True,https://github.com/avijitbhuin21/Serpentine,0,False,False,False,False,False,False,False
serp-log,11,2,1,True,https://github.com/avijitbhuin21/Serpentine,0,False,False,False,False,False,False,False
serp-math,11,3,1,True,https://github.com/avijitbhuin21/Serpentine,0,False,False,False,False,False,False,False
serp-molt,27,18,17,True,https://github.com/avijitbhuin21/Serpentine,0,False,False,False,False,False,False,False
serp-os,11,3,1,True,https://github.com/avijitbhuin21/Serpentine,0,False,False,False,False,False,False,False
serp-pathlib,11,2,1,True,https://github.com/avijitbhuin21/Serpentine,0,False,False,False,False,False,False,False
serp-queue,11,3,1,True,https://github.com/avijitbhuin21/Serpentine,0,False,False,False,False,False,False,False
serp-random,11,3,1,True,https://github.com/avijitbhuin21/Serpentine,0,False,False,False,False,False,False,False
serp-re,11,2,1,True,https://github.com/avijitbhuin21/Serpentine,0,False,False,False,False,False,False,False
serp-scales,18,9,8,True,https://github.com/avijitbhuin21/Serpentine,0,False,False,False,False,False,False,False
serp-secrets,11,3,1,True,https://github.com/avijitbhuin21/Serpentine,0,False,False,False,False,False,False,False
serp-socket,10,2,1,True,https://github.com/avijitbhuin21/Serpentine,0,False,False,False,False,False,False,False
serp-sqlite,11,3,1,True,https://github.com/avijitbhuin21/Serpentine,0,False,False,False,False,False,False,False
serp-statistics,11,2,1,True,https://github.com/avijitbhuin21/Serpentine,0,False,False,False,False,False,False,False
serp-strings,10,2,1,True,https://github.com/avijitbhuin21/Serpentine,0,False,False,False,False,False,False,False
serp-structs,11,2,1,True,https://github.com/avijitbhuin21/Serpentine,0,False,False,False,False,False,False,False
serp-subprocess,11,3,1,True,https://github.com/avijitbhuin21/Serpentine,0,False,False,False,False,False,False,False
serp-test,12,3,2,True,https://github.com/avijitbhuin21/Serpentine,0,False,False,False,False,False,False,False
serp-threading,12,3,1,True,https://github.com/avijitbhuin21/Serpentine,0,False,False,False,False,False,False,False
serp-time,10,2,1,True,https://github.com/avijitbhuin21/Serpentine,0,False,False,False,False,False,False,False
serp-tomllib,11,2,1,True,https://github.com/avijitbhuin21/Serpentine,0,False,False,False,False,False,False,False
serp-url,11,2,1,True,https://github.com/avijitbhuin21/Serpentine,1,False,False,False,False,False,False,False
serp-uuid,11,3,1,True,https://github.com/avijitbhuin21/Serpentine,0,False,False,False,False,False,False,False
serp-venom,15,6,4,True,https://github.com/avijitbhuin21/Serpentine,0,False,False,False,False,False,False,False
serp-zipfile,11,2,1,True,https://github.com/avijitbhuin21/Serpentine,0,False,False,False,False,False,False,False
serp-zlib,11,3,1,True,https://github.com/avijitbhuin21/Serpentine,0,False,False,False,False,False,False,False
serpentine-argparse,11,2,1,True,https://github.com/avijitbhuin21/Serpentine,0,False,False,False,False,False,False,False
serpentine-io,11,2,1,True,https://github.com/avijitbhuin21/Serpentine,0,False,False,False,False,False,False,False
