host,week_start,httpbin_org,pie_dev,httpbun_com,itty_bitty_site,md_succ_ai,markdown_new,allorigins_hexlet_app,cors_proxy_ashen_vercel_app,jqp_vercel_app,proxymule_com,source_id,evidence_line
all,2026-02-23,0,0,0,0,0,0,0,0,0,0,1,586
all,2026-03-02,4,0,0,0,0,0,0,0,0,0,1,587
all,2026-03-09,4,0,0,0,0,0,0,0,0,0,1,588
all,2026-03-16,0,0,0,0,0,0,0,0,0,0,1,589
all,2026-03-23,0,0,0,0,0,0,0,0,0,0,1,590
all,2026-03-30,1,0,0,0,0,0,0,0,0,0,1,591
all,2026-04-06,0,0,0,0,0,0,0,0,0,0,1,592
all,2026-04-13,430,0,0,0,0,0,0,0,0,0,1,593
all,2026-04-20,369,0,1,0,0,0,0,0,0,0,1,594
all,2026-04-27,1017,0,0,0,0,0,0,0,0,0,1,595
all,2026-05-04,437,0,0,0,0,2,0,0,0,0,1,596
all,2026-05-11,1146,3,10,0,0,2492,0,2,0,0,1,597
all,2026-05-18,953,0,9,0,0,97,0,0,0,0,1,598
all,2026-05-25,1153,0,13,0,0,473,0,1,9,12,1,599
all,2026-06-01,312,0,78,0,0,16,0,0,1,0,1,600
all,2026-06-08,495,0,143,0,0,0,0,0,0,0,1,601
all,2026-06-15,1150,506,851,0,0,15,0,0,1,6,1,602
all,2026-06-22,0,0,0,0,0,0,0,0,0,0,1,603
all,2026-06-29,3,0,0,0,0,0,0,0,0,0,1,604
all,2026-07-06,0,0,0,0,0,0,0,0,0,0,1,605
all,2026-07-13,3,0,0,0,0,0,0,0,0,0,1,606
all,2026-07-20,0,0,0,0,0,0,0,0,0,0,1,607
all,2026-07-27,0,0,4,0,0,0,0,0,0,0,1,608
all,2026-08-03,0,0,0,0,0,0,0,0,0,0,1,609
all,2026-08-10,0,0,0,0,0,0,0,0,0,0,1,610
all,2026-08-17,1,0,0,0,0,0,0,0,0,0,1,611
all,2026-08-24,0,0,0,0,0,0,0,0,0,0,1,612
all,2026-08-31,0,0,4,0,0,0,0,0,0,0,1,613
all,2026-09-07,1,0,0,0,0,0,0,0,0,0,1,614
all,2026-09-14,10,0,0,0,0,0,0,0,0,0,1,615
all,2026-09-21,3,0,0,0,0,2,0,0,0,0,1,616
all,2026-09-28,32,0,0,0,0,0,0,0,0,0,1,617
