host,median_weekly,peak_count,peak_week_start,peak_over_median,peak_is_known_week,known_week_over_median,last_two_weeks_over_median,source_id,evidence_line
httpbin.org,3,1153,2026-05-25,384.3,no,383.3,5.8,1,251
pie.dev,0,506,2026-06-15,baseline 0,yes,baseline 0,baseline 0,1,252
httpbun.com,0,851,2026-06-15,baseline 0,yes,baseline 0,baseline 0,1,253
itty.bitty.site,0,0,2026-02-23,baseline 0,no,baseline 0,baseline 0,1,254
md.succ.ai,0,0,2026-02-23,baseline 0,no,baseline 0,baseline 0,1,255
markdown.new,0,2492,2026-05-11,baseline 0,no,baseline 0,baseline 0,1,256
allorigins.hexlet.app,0,0,2026-02-23,baseline 0,no,baseline 0,baseline 0,1,257
cors-proxy-ashen.vercel.app,0,2,2026-05-11,baseline 0,no,baseline 0,baseline 0,1,258
jqp.vercel.app,0,9,2026-05-25,baseline 0,no,baseline 0,baseline 0,1,259
proxymule.com,0,12,2026-05-25,baseline 0,no,baseline 0,baseline 0,1,260
