timestamp,date_utc,hour_utc,digest,cdx_length,cdx_status,cdx_mimetype,replay_status,replay_bytes,replay_sha256,is_html,script_count,form_count,fetch_count,mentions_tvmaze,mentions_archive_org,mentions_fetch,mentions_xhr,mentions_location,mentions_image,external_hosts
20260929134731,20260929,13,2TN6OHVCYWQEQCJUBGTEYBLXLNAZWE5Q,934,200,text/html,200,269,313aa4c647a54c868423197db70ebd126b7b6a8bd432daecee76199d4e510daa,True,1,0,0,False,False,False,False,False,False,
20260929002538,20260929,00,JRK6QX6ALPKELRM7AS6IGY4FMNDCOPJ6,890,200,text/html,200,245,42eacdc4c2d6e5d3db0c9b04f70107dfe0a5b66a01f52ce86ffe0bf1ead62638,True,0,0,0,False,False,False,False,False,False,
20260929205340,20260929,20,3UM7W4YOK7I7I2D2L27LY5OSDPGGPNIH,1414,200,text/html,200,666,3d469f556ec99808161f38e17a980971e97e1ff556358f01d8427e6f44aa79a7,False,1,0,0,True,True,False,False,False,True,api.tvmaze.com;archive.org;tvmaze.com
20260929205558,20260929,20,3UM7W4YOK7I7I2D2L27LY5OSDPGGPNIH,1416,200,text/html,200,666,3d469f556ec99808161f38e17a980971e97e1ff556358f01d8427e6f44aa79a7,False,1,0,0,True,True,False,False,False,True,api.tvmaze.com;archive.org;tvmaze.com
20260929204024,20260929,20,YEH4RGANCPSR4BX4BDUCSL5NTHU3UV2O,1271,200,text/html,200,482,f060505b20ced61d958ad3218345df241c51db3de9ab1ee82848b6e98e35b457,False,1,0,0,True,True,False,True,False,False,api.tvmaze.com;archive.org;tvmaze.com
20260929213026,20260929,21,PFQFEV72BC5PGBFFX7WSUAT4BRJAATTZ,1127,200,text/html,200,372,4406833ca560e36988945076de23696d9d5d67cb68f2f09ed57ea454fb2f0f52,False,1,0,0,True,True,False,True,False,False,api.tvmaze.com;archive.org;tvmaze.com
20260929232831,20260929,23,IICZIUMSEP3LRRYTBPH3IQUKDBMYSE7Z,1142,200,text/html,200,379,e3c7ff53d7a08a2b9b2eba0dcd15efb67e7ae7e341355b4867d2378d69a1fd50,False,1,0,0,True,True,False,True,False,False,api.tvmaze.com;archive.org;tvmaze.com
20260929233316,20260929,23,AEMQWODE4QYOO7662ICIK2TINT4DXAR4,1022,200,text/html,200,315,a771b491baecac998e92c1aaff0b4b03be611117360210435272438b0a8fd15c,False,1,0,0,True,True,False,True,False,False,api.tvmaze.com;archive.org;tvmaze.com
20260929213855,20260929,21,IFDUXRU3OJTFA7CIGRSVNCLBRVAFWW2P,1127,200,text/html,200,372,d3e4bdf42ff86de5e66164e83b51b584769fa0712a94e956e161ca8863274f35,False,1,0,0,True,True,False,True,False,False,api.tvmaze.com;archive.org;tvmaze.com
20260929214026,20260929,21,IFDUXRU3OJTFA7CIGRSVNCLBRVAFWW2P,1131,200,text/html,200,372,d3e4bdf42ff86de5e66164e83b51b584769fa0712a94e956e161ca8863274f35,False,1,0,0,True,True,False,True,False,False,api.tvmaze.com;archive.org;tvmaze.com
20260929214212,20260929,21,IFDUXRU3OJTFA7CIGRSVNCLBRVAFWW2P,1135,200,text/html,200,372,d3e4bdf42ff86de5e66164e83b51b584769fa0712a94e956e161ca8863274f35,False,1,0,0,True,True,False,True,False,False,api.tvmaze.com;archive.org;tvmaze.com
20260929215932,20260929,21,NEPXP6LPR7ATQ7D4YCQW5LSKRSLKVPSM,1128,200,text/html,200,387,254be702084191040a1e689226780e2fdd6f97de75264891e338537f1e39b16f,False,1,0,0,True,True,False,False,False,False,api.tvmaze.com;archive.org;tvmaze.com
20260929195157,20260929,19,HCPUSPNYUYIPR2AYVQBZNDVGAZMGRPWG,1090,200,text/html,200,354,221c0a8192c934007b409cb365af026d34104eccbce0db4b2cf28a32fdf64fd8,False,1,0,0,True,True,False,True,False,False,api.tvmaze.com;archive.org;tvmaze.com
20260929200109,20260929,20,XC63PUP7FS3EEGAL5FSOKGI64C5ULLCO,1170,200,text/html,200,417,7ed481f316456e3f221d0f7398a9f131c9f953de6d5d2af3d58d2fb00a084c45,False,1,0,0,True,True,False,True,False,False,api.tvmaze.com;archive.org;tvmaze.com
20260929200212,20260929,20,XC63PUP7FS3EEGAL5FSOKGI64C5ULLCO,1177,200,text/html,200,417,7ed481f316456e3f221d0f7398a9f131c9f953de6d5d2af3d58d2fb00a084c45,False,1,0,0,True,True,False,True,False,False,api.tvmaze.com;archive.org;tvmaze.com
20260929202824,20260929,20,64RRSMVDOMHORFGDIJTPH4QWRQDXJ4YT,1244,200,text/html,200,463,9897da0f45fd2440232ffff891d3fdb151fd005019d27fc20d5d3aa3c59e5110,False,1,0,0,True,True,False,True,False,False,api.tvmaze.com;archive.org;tvmaze.com
20260929202951,20260929,20,64RRSMVDOMHORFGDIJTPH4QWRQDXJ4YT,1246,200,text/html,200,463,9897da0f45fd2440232ffff891d3fdb151fd005019d27fc20d5d3aa3c59e5110,False,1,0,0,True,True,False,True,False,False,api.tvmaze.com;archive.org;tvmaze.com
20260929202518,20260929,20,TIOOCDJRVZDWBD3EZU6HKZHDK3BDSSMH,1246,200,text/html,200,454,50b9945344b597b6b04e383bcc7d5a7b92751213fb19f051a500c8495255258f,False,1,0,0,True,True,False,True,False,False,api.tvmaze.com;archive.org;tvmaze.com
20260929202243,20260929,20,XTXQU4FVTDGVL3BZJF4HSV4DYXQDTUTK,1303,200,text/html,200,486,164756c87f17a07fa41a369f23df6b10382b8f2c6e181f683bfb8d7cebe519cd,False,1,0,0,True,True,False,True,False,False,api.tvmaze.com;archive.org;tvmaze.com
20260929210213,20260929,21,FH53GQGQLWBBKSFSFZ6MPF3SZAWS5EXU,1306,200,text/html,200,513,8400ec4b4846fe5aefdacaddcdab7e830017ad621692cb66dde6612a449553b1,False,1,0,0,True,True,False,True,False,False,api.tvmaze.com;archive.org;tvmaze.com
20260929210515,20260929,21,EAYCLTNOXLAAA3ZSGYTFQ2JPV4L26RR6,1378,200,text/html,200,547,7cce12dade5d87f3aefd218f428b701a624ff7c664f44d0e00fd890cc6a65f4b,False,1,0,0,True,True,False,True,False,False,api.tvmaze.com;archive.org;tvmaze.com
20260929212326,20260929,21,EAYCLTNOXLAAA3ZSGYTFQ2JPV4L26RR6,1378,200,text/html,200,547,7cce12dade5d87f3aefd218f428b701a624ff7c664f44d0e00fd890cc6a65f4b,False,1,0,0,True,True,False,True,False,False,api.tvmaze.com;archive.org;tvmaze.com
20260929195534,20260929,19,5GFG55NUBZXGMHVUN73ITCMXKHRYD6VK,1670,200,text/html,200,816,a7538540baa0e5840dcfb5fdea181f058a2c1bf14458be42cf923350e46c2abd,False,1,0,0,True,True,False,True,False,False,api.tvmaze.com;archive.org;tvmaze.com
